4.428571,0
4.275862,0
4.13333,0.94
3.875,0.947
3.64706,0.954
3.44444,0.957
3.26316,0.959
3.1,0.961
2.95238,0.962
2.81818,0.96
2.69565,0.961
2.58333,0.962
2.48,0.963
2.38462,0.961
2.2963,0.96
2.21429,0.961
2.13793,0.96
2.06667,0.961
2,0.962
1.9375,0.963
1.87879,0.961
1.82353,0.96
1.77143,0.962
1.72222,0.963
1.67568,0.961
1.63158,0.96
1.58974,0.961
1.55,0.962
1.5122,0.963
1.47619,0.961
1.44186,0.96
1.40909,0.962
1.37778,0.961
1.34783,0.96
1.31915,0.961
1.29167,0.962
1.26531,0.961
1.24,0.96
1.21569,0.957
1.19231,0.954
1.16981,0.945
1.14815,0.906
1.12727,0.824
1.11712,0.698
1.10714,0.562
1.09735,0.397
1.08772,0.262
1.07826,0.165
1.06897,0.078
1.05983,0.034
1.05085,0.021
1.03333,0
1.01639,0
0.27813,0
