0,20.51805669
0.01,20.51805669
0.02,20.51805669
0.03,20.51805669
0.04,20.51805669
0.05,20.51805669
0.06,20.51805669
0.07,20.51805669
0.08,20.51805669
0.09,20.51805669
0.1,20.51805669
0.11,20.51805669
0.12,20.51805669
0.13,20.51805669
0.14,20.51805669
0.15,20.51805669
0.16,20.51805669
0.17,20.51805669
0.18,20.51805669
0.19,20.51805669
0.2,20.51805669
0.21,20.51805669
0.22,20.51805669
0.23,20.51805669
0.24,20.51805669
0.25,20.51805669
0.26,20.51805669
0.27,20.51805669
0.28,20.51805669
0.29,20.51805669
0.3,20.51805669
0.31,20.51805669
0.32,20.51805669
0.33,20.51805669
0.34,20.51805669
0.35,20.51805669
0.36,20.51805669
0.37,20.51805669
0.38,20.51805669
0.39,20.51805669
0.4,20.51805669
0.41,20.51805669
0.42,20.51805669
0.43,20.51805669
0.44,20.51805669
0.45,20.51805669
0.46,20.51805669
0.47,20.51805669
0.48,20.51805669
0.49,20.51805669
0.5,20.51805669
0.51,20.51805669
0.52,20.51805669
0.53,20.51805669
0.54,20.51805669
0.55,20.51805669
0.56,20.51805669
0.57,20.51805669
0.58,20.51805669
0.59,20.51805669
0.6,20.51805669
0.61,20.51805669
0.62,20.51805669
0.63,20.51805669
0.64,20.51805669
0.65,20.51805669
0.66,20.51805669
0.67,20.51805669
0.68,20.51805669
0.69,20.51805669
0.7,20.51805669
0.71,20.51805669
0.72,20.51805669
0.73,20.51805669
0.74,20.51805669
0.75,20.51805669
0.76,20.51805669
0.77,20.51805669
0.78,20.51805669
0.79,20.51805669
0.8,20.51805669
0.81,20.51805669
0.82,20.51806076
0.83,20.49935183
0.84,20.49894725
0.85,20.48082139
0.86,20.48081884
0.87,20.48081884
0.88,20.48081864
0.89,20.4740956
0.9,20.44360804
0.91,20.44358122
0.92,20.42332418
0.93,20.40635599
0.94,20.36708272
0.95,20.36830823
0.96,20.33158589
0.97,20.29608824
0.98,20.19354669
0.99,20.14609894
1,20.07099471
1.01,19.99727601
1.02,19.89167395
1.03,19.78593138
1.04,19.64150611
1.05,19.47785102
1.06,19.27934334
1.07,19.0316202
1.08,18.76034776
1.09,18.39718928
1.1,17.99978529
1.11,17.51526372
1.12,16.93612399
1.13,16.24477624
1.14,15.41244873
1.15,14.38618219
1.16,13.27248395
1.17,11.89243817
1.18,10.24324363
1.19,7.994008479
1.2,5.727511399
1.21,2.782500686
1.22,0.134739643
