4.4,0
4.2,0
4.13333,0.99957
4.09241,0.9996
4.05229,0.99963
4.01294,0.99966
3.97436,0.99969
3.93651,0.99972
3.89937,0.99974
3.86293,0.99977
3.82716,0.99978
3.79205,0.9998
3.75758,0.99981
3.72372,0.99982
3.69048,0.99983
3.65782,0.99984
3.62573,0.99985
3.5942,0.99985
3.56322,0.99985
3.53276,0.99984
3.50282,0.99984
3.47339,0.99984
3.44444,0.99983
3.41598,0.99982
3.38798,0.99981
3.36043,0.99979
3.33333,0.99977
3.30667,0.99975
3.28042,0.99972
3.25459,0.99967
3.22917,0.99962
3.20413,0.99956
3.17949,0.99949
3.15522,0.99939
3.13131,0.99928
3.10777,0.99915
3.08458,0.99897
3.06173,0.99879
3.03922,0.99863
3.01703,0.99845
2.99517,0.99824
2.97362,0.99801
2.95238,0.99778
2.93144,0.99756
2.9108,0.99736
2.89044,0.99714
2.87037,0.99692
2.85057,0.99673
2.83105,0.99655
2.81179,0.99641
2.79279,0.99628
2.77405,0.99619
2.75556,0.9961
2.73731,0.99602
2.7193,0.99593
2.70153,0.99582
2.68398,0.9957
2.66667,0.99554
2.64957,0.99534
2.6327,0.99512
2.61603,0.99482
2.59958,0.99438
2.58333,0.99382
2.56729,0.99331
2.55144,0.99283
2.53579,0.99224
2.52033,0.99144
2.50505,0.99026
2.48996,0.98902
2.47505,0.98805
2.46032,0.98701
2.44576,0.98572
2.43137,0.98385
2.41715,0.98173
2.4031,0.97989
2.38921,0.97822
2.37548,0.97664
2.3619,0.97498
2.34848,0.97315
2.33522,0.97108
2.3221,0.96838
2.30912,0.96573
2.2963,0.96347
2.28361,0.96096
2.27106,0.95808
2.25865,0.95481
2.24638,0.95135
2.23423,0.94859
2.22222,0.94613
2.21034,0.94359
2.19858,0.94107
2.18695,0.93863
2.17544,0.93569
2.16405,0.93082
2.15278,0.92513
2.14162,0.92005
2.13058,0.91377
2.11966,0.90759
2.10884,0.90244
2.09814,0.89688
2.08754,0.89058
2.07705,0.88446
2.06667,0.87898
2.05638,0.87341
2.0462,0.86753
2.03612,0.86074
2.02614,0.85276
2.01626,0.84422
2.00647,0.83514
1.99678,0.82546
1.98718,0.81553
1.97767,0.80657
1.96825,0.79808
1.95893,0.79036
1.94969,0.78456
1.94053,0.77915
1.93146,0.77365
1.92248,0.76802
1.91358,0.76193
1.90476,0.75454
1.89602,0.74651
1.88737,0.73833
1.87879,0.72993
1.87029,0.72134
1.86186,0.71257
1.85351,0.7051
1.84524,0.70008
1.83704,0.69554
1.82891,0.69125
1.82085,0.68753
1.81287,0.68476
1.80495,0.68239
1.7971,0.68
1.78932,0.67764
1.78161,0.67528
1.77396,0.6729
1.76638,0.67053
1.75887,0.66816
1.75141,0.6654
1.74402,0.66199
1.73669,0.65841
1.72943,0.65482
1.72222,0.65121
1.71508,0.64758
1.70799,0.64261
1.70096,0.61658
1.69399,0.55613
1.68707,0.50692
1.68022,0.45846
1.67341,0.43091
1.66667,0.40814
1.65997,0.38071
1.65333,0.33556
1.64675,0.26656
1.64021,0.20932
1.63373,0.11531
1.6273,0.07882
1.62092,0.03545
1.61458,0.0056
1.6083,0.00E+00
1.5,0
1.2,0
1.3,0
0.281818,0
